cell,feature,time,int
cell16_01,nucl,1,-0.0007471481097388153
cell16_01,nucl,2,-0.005321957198076725
cell16_01,nucl,3,0.07264070896577733
cell16_01,nucl,4,0.06885782973508069
cell16_01,nucl,5,0.06017629867068923
cell16_01,nucl,6,0.048071085132459675
cell16_01,nucl,7,0.04562034505515231
cell16_01,nucl,8,0.03143490148015458
cell16_01,nucl,9,0.01423163948336006
cell16_01,nucl,10,0.019872725558593443
cell16_01,nucl,11,0.012487979636089464
cell16_01,nucl,12,-0.001203921938342538
cell16_01,nucl,13,-0.008366644668615076
cell16_01,nucl,14,-0.013362873574054903
cell16_01,nucl,15,-0.01887385688696138
cell16_01,nucl,16,-0.02488121052135383
cell16_01,nucl,17,-0.024021400961629035
cell16_01,nucl,18,-0.03016592816064859
cell16_01,nucl,19,-0.03172998962948991
cell16_01,nucl,20,-0.03965211652682183
cell16_01,nucl,21,-0.04466955783916274
cell16_01,nucl,22,-0.059569152446497596
cell16_01,nucl,23,-0.04936032808522667
cell16_01,nucl,24,-0.05705477514848682
cell16_01,nucl,25,-0.0626689921749788
cell16_01,nucl,26,-0.062455453945507604
cell16_01,nucl,27,-0.06725511454699719
cell16_01,nucl,28,-0.0689789761478269
cell16_01,nucl,29,-0.06965353068728194
cell16_01,nucl,30,-0.06250494956161029
cell16_01,nucl,31,-0.07624210427076454
cell16_01,nucl,32,-0.07191618742339964
cell16_01,nucl,33,-0.08192137267841997
cell16_01,nucl,34,-0.07692372961251995
cell16_01,nucl,35,-0.07936598472706707
cell16_01,nucl,36,-0.0866460827755255
cell16_01,nucl,37,-0.08045347412086362
cell16_01,nucl,38,-0.08963278966720092
cell16_01,nucl,39,-0.08395776374092578
cell16_01,nucl,40,-0.08348967662864142
cell16_01,nucl,41,-0.08725982841519754
cell16_01,nucl,42,-0.08096115772602992
cell16_01,nucl,43,-0.08446261902517199
cell16_01,nucl,44,-0.08896389176958605
cell16_01,nucl,45,-0.09627227302724609
cell16_01,nucl,46,-0.09826058263410957
cell16_01,nucl,47,-0.08809135476572073
cell16_01,nucl,48,-0.09028754596021493
cell16_01,nucl,49,-0.1018879042141981
cell16_01,nucl,50,-0.0934397096257189
cell16_01,nucl,51,-0.09884321674365976
cell16_01,nucl,52,-0.10377722258885637
cell16_01,nucl,53,-0.09709390025454884
cell16_01,nucl,54,-0.09247666635240877
cell16_01,nucl,55,-0.09937352691618734
cell16_01,nucl,56,-0.09841048364287736
cell16_01,nucl,57,-0.09840058451965676
cell16_01,nucl,58,-0.10442915056095028
cell16_01,nucl,59,-0.11002639766192131
cell16_01,nucl,60,-0.10365560478929003
cell16_01,nucl,61,-0.09817714716696528
cell16_01,nucl,62,-0.09912887715659477
cell16_01,nucl,63,-0.10358489676628642
cell16_01,nucl,64,-0.10338267182049586
cell16_01,nucl,65,-0.10501744131234096
cell16_01,nucl,66,-0.10885830112190069
cell16_01,nucl,67,-0.10698029603092292
cell16_01,nucl,68,-0.10678655604789292
cell16_01,nucl,69,-0.10309135476572069
cell16_01,nucl,70,-0.10319741680022627
cell16_01,nucl,71,-0.11525737720373341
cell16_01,nucl,72,-0.10568916753087576
cell16_01,nucl,73,-0.10598614122749125
cell16_01,nucl,74,-0.1115239935891393
cell16_01,nucl,75,-0.1053243141321769
cell16_01,nucl,76,-0.10553785236164794
cell16_01,nucl,77,-0.11612284340529837
cell16_01,nucl,78,-0.11279108136136513
cell16_01,nucl,79,-0.10999245781087955
cell16_01,nucl,80,-0.11960592061845944
cell16_01,nucl,81,-0.1077029320260206
cell16_01,nucl,82,-0.10908456679551241
cell16_01,nucl,83,-0.10590270576034695
cell16_01,nucl,84,-0.11006599415480339
cell16_01,nucl,85,-0.10760959743565571
cell16_01,nucl,86,-0.10921891203921943
cell16_01,nucl,87,-0.11620769303290286
cell16_01,nucl,88,-0.1122989535212596
cell16_01,nucl,89,-0.11943480720279057
cell16_01,nucl,90,-0.11760912604883572
cell16_01,nucl,91,-0.10804091637597807
cell16_01,nucl,92,-0.1139492787781653
cell16_01,nucl,93,-0.11872631281229376
cell16_01,nucl,94,-0.11985198453851237
cell16_01,nucl,95,-0.12194777034034131
cell16_01,nucl,96,-0.11327896672009054
cell16_01,nucl,97,-0.12426840765532193
cell16_01,nucl,98,-0.12536721033279913
cell16_01,nucl,99,-0.11503676817196186
cell16_01,nucl,100,-0.12798623550485527
cell16_01,nucl,101,-0.11390261148298285
cell16_01,nucl,102,-0.11946309041199202
cell16_01,nucl,103,-0.12504053926652214
cell16_01,nucl,104,-0.11082539832186293
cell16_01,nucl,105,-0.12255444517771281
cell16_01,nucl,106,-0.11760629772791548
cell16_01,nucl,107,-0.12076836051663989
cell16_01,nucl,108,-0.1110983312906571
cell16_01,nucl,109,-0.10956255303101722
cell16_01,nucl,110,-0.1122240030168757
cell16_01,nucl,111,-0.11645799943433575
cell16_01,nucl,112,-0.1232007165079664
cell16_01,nucl,113,-0.10697605354954279
cell16_01,nucl,114,-0.11156924672386155
cell16_01,nucl,115,-0.10430753276138395
cell16_01,nucl,116,-0.11064014330159334
cell16_01,nucl,117,-0.11366644668615068
cell14_01,nucl,1,-0.008940463765539908
cell14_01,nucl,2,0.024831285377825817
cell14_01,nucl,3,0.18925703112708206
cell14_01,nucl,4,0.15936580837093547
cell14_01,nucl,5,0.1249262868130561
cell14_01,nucl,6,0.14744078624196655
cell14_01,nucl,7,0.06792542567488842
cell14_01,nucl,8,0.08293829470622208
cell14_01,nucl,9,0.09158330520922536
cell14_01,nucl,10,0.05631507328081633
cell14_01,nucl,11,0.030092995715927603
cell14_01,nucl,12,0.06923094476585319
cell14_01,nucl,13,0.05426611691541989
cell14_01,nucl,14,0.09715968528222384
cell14_01,nucl,15,0.0887716950970372
cell14_01,nucl,16,0.08153669325345687
cell14_01,nucl,17,0.05965153329433981
cell14_01,nucl,18,0.01849225155803547
cell14_01,nucl,19,0.09236517542837717
cell14_01,nucl,20,0.08750340792127008
cell14_01,nucl,21,0.10571942268912912
cell14_01,nucl,22,0.0936226533384417
cell14_01,nucl,23,0.05442825590095828
cell14_01,nucl,24,0.058745957034369876
cell14_01,nucl,25,0.13279903533308754
cell14_01,nucl,26,-0.026965514839320262
cell14_01,nucl,27,0.06700063294255829
cell14_01,nucl,28,0.05387458129108268
cell14_01,nucl,29,0.03997746868615771
cell14_01,nucl,30,0.04206485799627441
cell14_01,nucl,31,0.001172204813966531
cell14_01,nucl,32,-0.02265742194208877
cell14_01,nucl,33,0.009646669124773665
cell14_01,nucl,34,0.008511696226004919
cell14_01,nucl,35,-0.02943483153759407
cell14_01,nucl,36,0.005356591670379757
cell14_01,nucl,37,-0.03217077678986434
cell14_01,nucl,38,0.050348358613002984
cell14_01,nucl,39,-0.006491564569148641
cell14_01,nucl,40,-9.608236180099419e-06
cell14_01,nucl,41,0.05779233959349958
cell14_01,nucl,42,-0.02227669558345414
cell14_01,nucl,43,0.011286074422995312
cell14_01,nucl,44,0.011514270032271649
cell14_01,nucl,45,-0.00933199938987698
cell14_01,nucl,46,0.01670031551045553
cell14_01,nucl,47,0.04280829527070595
cell14_01,nucl,48,-0.021456392419582075
cell14_01,nucl,49,-0.04092027686132556
cell14_01,nucl,50,-0.05649642873871492
cell14_01,nucl,51,0.02470637830748521
cell14_01,nucl,52,-0.0006857878573513532
cell14_01,nucl,53,-0.05137764091379132
cell14_01,nucl,54,-0.02044632659115394
cell14_01,nucl,55,0.050080529029484046
cell14_01,nucl,56,-0.0364980861594559
cell14_01,nucl,57,0.032684817425497066
cell14_01,nucl,58,-0.006186503070432055
cell14_01,nucl,59,-0.0020873893101166995
cell14_01,nucl,60,-0.04537249330125786
cell14_01,nucl,61,-0.011514270032271649
cell14_01,nucl,62,0.05972719815425785
cell14_01,nucl,63,0.006615270609966773
cell14_01,nucl,64,-0.0007338290382515772
cell14_01,nucl,65,0.028461997624363577
cell14_01,nucl,66,-0.01933057016474525
cell14_01,nucl,67,-0.016509351816376975
cell14_01,nucl,68,0.05303626268437303
cell14_01,nucl,69,0.08799943311406536
cell14_01,nucl,70,0.01240062981988152
cell14_01,nucl,71,0.030597428115380503
cell14_01,nucl,72,-0.024926166710103923
cell14_01,nucl,73,0.0800017775236933
cell14_01,nucl,74,0.04276025408980572
cell14_01,nucl,75,0.010809265702560234
cell14_01,nucl,76,0.06324501362567993
cell14_01,nucl,77,0.04285633645160631
cell14_01,nucl,78,0.014564885019438605
cell14_01,nucl,79,0.07302499702745195
cell14_01,nucl,80,0.10920841345201103
cell14_01,nucl,81,0.09376557585162004
cell14_01,nucl,82,0.1257273735045681
cell14_01,nucl,83,0.07910580949990333
cell14_01,nucl,84,0.11636654940615096
cell14_01,nucl,85,0.08690289316001673
cell14_01,nucl,86,0.12090403894218113
cell14_01,nucl,87,0.09538696570700396
cell14_01,nucl,88,0.13981544980357163
cell14_01,nucl,89,0.11645182250224884
cell14_01,nucl,90,0.16878308085691046
cell14_01,nucl,91,0.12514487418615233
cell14_01,nucl,92,0.13156077389538307
cell14_01,nucl,93,0.11598462201799385
cell14_01,nucl,94,0.1082836207196809
cell14_01,nucl,95,0.12909145719710927
cell14_01,nucl,96,0.11513669517510411
cell14_01,nucl,97,0.08330941282867675
cell14_01,nucl,98,0.06504655790943996
cell14_01,nucl,99,0.034267774336160864
cell14_01,nucl,100,-0.002764769960810432
cell14_01,nucl,101,0.03277129155111755
cell14_01,nucl,102,-0.012668459403400596
cell14_01,nucl,103,0.05469488445495474
cell14_01,nucl,104,0.020064399202996828
cell14_01,nucl,105,0.04249362553580926
cell14_01,nucl,106,0.046029456450068916
cell14_01,nucl,107,0.06068081559512814
cell14_01,nucl,108,0.0209507589906067
cell14_01,nucl,109,-0.0406632565435092
cell14_01,nucl,110,-0.03755619316878426
cell14_01,nucl,111,0.007368316120578549
cell14_01,nucl,112,-0.017996226365240328
cell14_01,nucl,113,-0.03681275589435272
cell14_01,nucl,114,0.011695625490170105
cell14_01,nucl,115,-0.02398215750541373
cell14_01,nucl,116,-0.04219817227327264
cell14_01,nucl,117,-0.031141494489076004
cell15_01,cyto,1,-0.006363646602810276
cell15_01,cyto,2,-0.012918765758271528
cell15_01,cyto,3,-0.0016041860083443643
cell15_01,cyto,4,-0.013507664533651764
cell15_01,cyto,5,-0.03151252053502903
cell15_01,cyto,6,-0.03666297130003432
cell15_01,cyto,7,-0.040727338257985905
cell15_01,cyto,8,-0.05929695783903113
cell15_01,cyto,9,-0.08102346101924544
cell15_01,cyto,10,-0.04852300647305951
cell15_01,cyto,11,-0.06819319097858574
cell15_01,cyto,12,-0.10010957378853393
cell15_01,cyto,13,-0.09715542583334817
cell15_01,cyto,14,-0.0960065905174426
cell15_01,cyto,15,-0.09654239186225566
cell15_01,cyto,16,-0.11000983106972015
cell15_01,cyto,17,-0.10399534029821444
cell15_01,cyto,18,-0.09748366449503541
cell15_01,cyto,19,-0.0951570316283695
cell15_01,cyto,20,-0.10686742858797851
cell15_01,cyto,21,-0.12130510266307752
cell15_01,cyto,22,-0.12571218940014392
cell15_01,cyto,23,-0.11454724786363292
cell15_01,cyto,24,-0.12240566758755854
cell15_01,cyto,25,-0.1458699048590585
cell15_01,cyto,26,-0.1278360866228265
cell15_01,cyto,27,-0.14237030148077476
cell15_01,cyto,28,-0.14867924163997046
cell15_01,cyto,29,-0.13824318301397115
cell15_01,cyto,30,-0.1636237548250279
cell15_01,cyto,31,-0.1473614599540788
cell15_01,cyto,32,-0.15399863877496184
cell15_01,cyto,33,-0.1451361949094046
cell15_01,cyto,34,-0.15023354824384272
cell15_01,cyto,35,-0.16189084777288468
cell15_01,cyto,36,-0.14983773103416098
cell15_01,cyto,37,-0.16204048598630086
cell15_01,cyto,38,-0.14522790865311125
cell15_01,cyto,39,-0.15913460842253968
cell15_01,cyto,40,-0.1550026629165936
cell15_01,cyto,41,-0.1613984897803537
cell15_01,cyto,42,-0.1559728977842281
cell15_01,cyto,43,-0.1656076679125791
cell15_01,cyto,44,-0.1669737199898955
cell15_01,cyto,45,-0.16403405315213707
cell15_01,cyto,46,-0.1666551354064931
cell15_01,cyto,47,-0.16888522749030974
cell15_01,cyto,48,-0.15971385311963493
cell15_01,cyto,49,-0.1691507146431451
cell15_01,cyto,50,-0.16212737269086513
cell15_01,cyto,51,-0.19688205451658014
cell15_01,cyto,52,-0.18410005486734501
cell15_01,cyto,53,-0.17227380896831693
cell15_01,cyto,54,-0.1753534599412067
cell15_01,cyto,55,-0.15989245356790602
cell15_01,cyto,56,-0.1799053578525469
cell15_01,cyto,57,-0.17409842976416703
cell15_01,cyto,58,-0.1603992926778643
cell15_01,cyto,59,-0.1745328632869885
cell15_01,cyto,60,-0.1808224952896144
cell15_01,cyto,61,-0.17775249839500945
cell15_01,cyto,62,-0.17128909298325498
cell15_01,cyto,63,-0.17387155892447143
cell15_01,cyto,64,-0.1782545104658254
cell15_01,cyto,65,-0.1838200865970822
cell15_01,cyto,66,-0.16978788380994989
cell15_01,cyto,67,-0.17432530060386267
cell15_01,cyto,68,-0.1826809053594616
cell15_01,cyto,69,-0.17741460565503725
cell15_01,cyto,70,-0.18491582448242075
cell15_01,cyto,71,-0.17654573860939435
cell15_01,cyto,72,-0.17642023559169046
cell15_01,cyto,73,-0.1937299979565534
cell15_01,cyto,74,-0.1927790712454887
cell15_01,cyto,75,-0.1868031967871227
cell15_01,cyto,76,-0.18789410763331876
cell15_01,cyto,77,-0.19603732266664953
cell15_01,cyto,78,-0.17636713816112343
cell15_01,cyto,79,-0.17282409143055744
cell15_01,cyto,80,-0.18888365065752322
cell15_01,cyto,81,-0.18424003900247635
cell15_01,cyto,82,-0.18078387897647466
cell15_01,cyto,83,-0.17182972136721064
cell15_01,cyto,84,-0.19039934094825575
cell15_01,cyto,85,-0.18869056909182483
cell15_01,cyto,86,-0.19534705606927769
cell15_01,cyto,87,-0.19375413315226583
cell15_01,cyto,88,-0.2103977641154692
cell15_01,cyto,89,-0.18836715746927996
cell15_01,cyto,90,-0.20733742129914937
cell15_01,cyto,91,-0.20302687534493222
cell15_01,cyto,92,-0.19163023592958311
cell15_01,cyto,93,-0.19289974722405023
cell15_01,cyto,94,-0.20969784343981254
cell15_01,cyto,95,-0.19810329541962257
cell15_01,cyto,96,-0.2098330005358014
cell15_01,cyto,97,-0.20027546303372984
cell15_01,cyto,98,-0.21640742784783243
cell15_01,cyto,99,-0.1858764052717704
cell15_01,cyto,100,-0.18926015971063515
cell15_01,cyto,101,-0.19970587241491938
cell15_01,cyto,102,-0.19702203865171147
cell15_01,cyto,103,-0.1852006197918259
cell15_01,cyto,104,-0.19519259081671889
cell15_01,cyto,105,-0.19191020419984592
cell15_01,cyto,106,-0.1976929970925134
cell15_01,cyto,107,-0.19953692604493328
cell15_01,cyto,108,-0.18027221282737388
cell15_01,cyto,109,-0.20295929679693772
cell15_01,cyto,110,-0.18044598623650246
cell15_01,cyto,111,-0.20098986482681394
cell15_01,cyto,112,-0.18447173688131446
cell15_01,cyto,113,-0.19527465048214085
cell15_01,cyto,114,-0.18398420592792597
cell15_01,cyto,115,-0.1817106704918271
cell15_01,cyto,116,-0.2103157044500474
cell15_01,cyto,117,-0.18860850942640303
cell13_01,nucl,1,-0.0062660018359655695
cell13_01,nucl,2,-0.006538469333145278
cell13_01,nucl,3,0.0857131705383822
cell13_01,nucl,4,0.07437537013921364
cell13_01,nucl,5,0.07975041076539337
cell13_01,nucl,6,0.05441994071767785
cell13_01,nucl,7,0.06234176431336304
cell13_01,nucl,8,0.0471218650287592
cell13_01,nucl,9,0.0473560519684838
cell13_01,nucl,10,0.04006473167205718
cell13_01,nucl,11,0.031942498099107514
cell13_01,nucl,12,0.022761919702402347
cell13_01,nucl,13,0.011394845935768129
cell13_01,nucl,14,0.03389255473181467
cell13_01,nucl,15,0.007796473534999313
cell13_01,nucl,16,0.0008902106106199113
cell13_01,nucl,17,0.002016109359296042
cell13_01,nucl,18,-0.0017736658287477976
cell13_01,nucl,19,-0.009251885317454717
cell13_01,nucl,20,-0.010832647160596
cell13_01,nucl,21,-0.013627127854810123
cell13_01,nucl,22,-0.022357346752044864
cell13_01,nucl,23,-0.025809352315485912
cell13_01,nucl,24,-0.015469098207644237
cell13_01,nucl,25,-0.024667690984328305
cell13_01,nucl,26,-0.027331567423696013
cell13_01,nucl,27,-0.03714490091715718
cell13_01,nucl,28,-0.03890130296509188
cell13_01,nucl,29,-0.044442976606075824
cell13_01,nucl,30,-0.0422812510086177
cell13_01,nucl,31,-0.045591393329725456
cell13_01,nucl,32,-0.036838656457517216
cell13_01,nucl,33,-0.04366160287449464
cell13_01,nucl,34,-0.04241635885845884
cell13_01,nucl,35,-0.043443178517251387
cell13_01,nucl,36,-0.04004296429624949
cell13_01,nucl,37,-0.05576726622026034
cell13_01,nucl,38,-0.060126746175134395
cell13_01,nucl,39,-0.06343013310375013
cell13_01,nucl,40,-0.05836358873470754
cell13_01,nucl,41,-0.06456954263741031
cell13_01,nucl,42,-0.06781888642608971
cell13_01,nucl,43,-0.07624060906618707
cell13_01,nucl,44,-0.05963135072571684
cell13_01,nucl,45,-0.06745409523151857
cell13_01,nucl,46,-0.07224592030588428
cell13_01,nucl,47,-0.06585081541340379
cell13_01,nucl,48,-0.062443845799909865
cell13_01,nucl,49,-0.06851919544776622
cell13_01,nucl,50,-0.07586906247912402
cell13_01,nucl,51,-0.0701787702033149
cell13_01,nucl,52,-0.06842236815538005
cell13_01,nucl,53,-0.06736402333162456
cell13_01,nucl,54,-0.07742055095479965
cell13_01,nucl,55,-0.0875041001479431
cell13_01,nucl,56,-0.07934583781503587
cell13_01,nucl,57,-0.07908237750784562
cell13_01,nucl,58,-0.07465309183055376
cell13_01,nucl,59,-0.07604695448141487
cell13_01,nucl,60,-0.08301851953321748
cell13_01,nucl,61,-0.07967685204714664
cell13_01,nucl,62,-0.09047647284444807
cell13_01,nucl,63,-0.08087706011323544
cell13_01,nucl,64,-0.06923977064691893
cell13_01,nucl,65,-0.07692290370788492
cell13_01,nucl,66,-0.06905737504963336
cell13_01,nucl,67,-0.07746333510724936
cell13_01,nucl,68,-0.07094888494740932
cell13_01,nucl,69,-0.0762631270411607
cell13_01,nucl,70,-0.08489651864600928
cell13_01,nucl,71,-0.07629690400362095
cell13_01,nucl,72,-0.07022830974825661
cell13_01,nucl,73,-0.08715957513084828
cell13_01,nucl,74,-0.08553828093275459
cell13_01,nucl,75,-0.088244941524572
cell13_01,nucl,76,-0.07953048520981874
cell13_01,nucl,77,-0.07418922154609928
cell13_01,nucl,78,-0.0902918254496652
cell13_01,nucl,79,-0.08554728812274405
cell13_01,nucl,80,-0.0932912197161384
cell13_01,nucl,81,-0.08967032934039608
cell13_01,nucl,82,-0.09464680180954453
cell13_01,nucl,83,-0.08628362590437823
cell13_01,nucl,84,-0.07888872292307342
cell13_01,nucl,85,-0.09883514515461976
cell13_01,nucl,86,-0.08694565436859976
cell13_01,nucl,87,-0.09587853504059614
cell13_01,nucl,88,-0.09884415234460908
cell13_01,nucl,89,-0.10275552459751001
cell13_01,nucl,90,-0.09675898786206093
cell13_01,nucl,91,-0.09408835603020119
cell13_01,nucl,92,-0.09274403292428181
cell13_01,nucl,93,-0.09783534706579532
cell13_01,nucl,94,-0.09827669937527629
cell13_01,nucl,95,-0.0913861990333785
cell13_01,nucl,96,-0.10318336612200694
cell13_01,nucl,97,-0.0948291974068301
cell13_01,nucl,98,-0.09241977408466306
cell13_01,nucl,99,-0.10421694117329164
cell13_01,nucl,100,-0.10326893442690635
cell13_01,nucl,101,-0.104782142345127
cell13_01,nucl,102,-0.09862122439237124
cell13_01,nucl,103,-0.08827646668953497
cell13_01,nucl,104,-0.09666666416466949
cell13_01,nucl,105,-0.09437208251486752
cell13_01,nucl,106,-0.09137268824839433
cell13_01,nucl,107,-0.09990700076335944
cell13_01,nucl,108,-0.09196491099019792
cell13_01,nucl,109,-0.09894323143449267
cell13_01,nucl,110,-0.102838841104912
cell13_01,nucl,111,-0.10501182568985701
cell13_01,nucl,112,-0.09754486518863684
cell13_01,nucl,113,-0.10488572503000519
cell13_01,nucl,114,-0.10117476275436874
cell13_01,nucl,115,-0.09077371011409857
cell13_01,nucl,116,-0.0900801564849141
cell13_01,nucl,117,-0.09316962265128143
cell12_01,nucl,1,-0.002643874636305379
cell12_01,nucl,2,0.0032821772428848197
cell12_01,nucl,3,-0.02229708569361944
cell12_01,nucl,4,-0.038735204381372804
cell12_01,nucl,5,-0.03724273200157684
cell12_01,nucl,6,-0.05527594299911233
cell12_01,nucl,7,-0.06097284357833371
cell12_01,nucl,8,-0.0675285633774378
cell12_01,nucl,9,-0.07138229045691107
cell12_01,nucl,10,-0.08384513224520783
cell12_01,nucl,11,-0.08541531680499326
cell12_01,nucl,12,-0.10101952402286071
cell12_01,nucl,13,-0.09439007728376664
cell12_01,nucl,14,-0.11265841744126998
cell12_01,nucl,15,-0.11079133250152523
cell12_01,nucl,16,-0.12291343626986846
cell12_01,nucl,17,-0.12476358393961569
cell12_01,nucl,18,-0.12624708952941285
cell12_01,nucl,19,-0.14107417494738655
cell12_01,nucl,20,-0.14576978397674478
cell12_01,nucl,21,-0.1465459094666387
cell12_01,nucl,22,-0.13631081683803747
cell12_01,nucl,23,-0.15771354825511252
cell12_01,nucl,24,-0.15945111289487499
cell12_01,nucl,25,-0.15851159256500338
cell12_01,nucl,26,-0.16351306876431984
cell12_01,nucl,27,-0.17034974798338556
cell12_01,nucl,28,-0.17167782921320404
cell12_01,nucl,29,-0.18190794029180596
cell12_01,nucl,30,-0.18358373371157682
cell12_01,nucl,31,-0.17464583670279846
cell12_01,nucl,32,-0.1834920731915894
cell12_01,nucl,33,-0.18000399188206612
cell12_01,nucl,34,-0.18712661207109269
cell12_01,nucl,35,-0.19268901080033246
cell12_01,nucl,36,-0.19731487812970028
cell12_01,nucl,37,-0.20131207384915406
cell12_01,nucl,38,-0.19395133557015998
cell12_01,nucl,39,-0.20777115157827125
cell12_01,nucl,40,-0.20466166806869623
cell12_01,nucl,41,-0.20437572709873528
cell12_01,nucl,42,-0.19816174162958455
cell12_01,nucl,43,-0.20542384521859205
cell12_01,nucl,44,-0.20384270124880816
cell12_01,nucl,45,-0.20721022904834793
cell12_01,nucl,46,-0.2195853955566567
cell12_01,nucl,47,-0.20976476788799878
cell12_01,nucl,48,-0.21143757237777025
cell12_01,nucl,49,-0.206427129388455
cell12_01,nucl,50,-0.21056081957788997
cell12_01,nucl,51,-0.20787476781825714
cell12_01,nucl,52,-0.2230047314761893
cell12_01,nucl,53,-0.21829716672683275
cell12_01,nucl,54,-0.21964915939664795
cell12_01,nucl,55,-0.21618200059712178
cell12_01,nucl,56,-0.21482004482730796
cell12_01,nucl,57,-0.21983148412662304
cell12_01,nucl,58,-0.22155410411638765
cell12_01,nucl,59,-0.2135776462574777
cell12_01,nucl,60,-0.21864886415678464
cell12_01,nucl,61,-0.21767148404691822
cell12_01,nucl,62,-0.2150362440972784
cell12_01,nucl,63,-0.21879034017676535
cell12_01,nucl,64,-0.22642904894572133
cell12_01,nucl,65,-0.21999886420660017
cell12_01,nucl,66,-0.21610329210713258
cell12_01,nucl,67,-0.22216284952630444
cell12_01,nucl,68,-0.21702188992700697
cell12_01,nucl,69,-0.21470646548732344
cell12_01,nucl,70,-0.22232524805628226
cell12_01,nucl,71,-0.22867572799541427
cell12_01,nucl,72,-0.21733174233696465
cell12_01,nucl,73,-0.22751004529557362
cell12_01,nucl,74,-0.2257176836058186
cell12_01,nucl,75,-0.22740144750558844
cell12_01,nucl,76,-0.22061657640651575
cell12_01,nucl,77,-0.2229469454961972
cell12_01,nucl,78,-0.21953757267666324
cell12_01,nucl,79,-0.21984144722662166
cell12_01,nucl,80,-0.22200244361632632
cell12_01,nucl,81,-0.22356166876611328
cell12_01,nucl,82,-0.22379978685608065
cell12_01,nucl,83,-0.22477716696594707
cell12_01,nucl,84,-0.22619790502575293
cell12_01,nucl,85,-0.21919284941671036
cell12_01,nucl,86,-0.22922070956533983
cell12_01,nucl,87,-0.2302040675352054
cell12_01,nucl,88,-0.2102071295279384
cell12_01,nucl,89,-0.22471938098595498
cell12_01,nucl,90,-0.21627864266710856
cell12_01,nucl,91,-0.22037347676654895
cell12_01,nucl,92,-0.2179713733568773
cell12_01,nucl,93,-0.22229635506628623
cell12_01,nucl,94,-0.224858864385936
cell12_01,nucl,95,-0.22800222243550639
cell12_01,nucl,96,-0.2100845833979551
cell12_01,nucl,97,-0.22436270200600378
cell12_01,nucl,98,-0.22001281254659827
cell12_01,nucl,99,-0.21836591211682332
cell12_01,nucl,100,-0.21596779394715104
cell12_01,nucl,101,-0.2189278309567465
cell12_01,nucl,102,-0.2209094915464757
cell12_01,nucl,103,-0.21429000790738037
cell12_01,nucl,104,-0.21875546932677006
cell12_01,nucl,105,-0.20917794129807904
cell12_01,nucl,106,-0.21192576427770343
cell12_01,nucl,107,-0.21237510008764204
cell12_01,nucl,108,-0.21241694510763634
cell12_01,nucl,109,-0.21957343983665828
cell12_01,nucl,110,-0.2175529231569344
cell12_01,nucl,111,-0.21076506312786208
cell12_01,nucl,112,-0.22082480519648723
cell12_01,nucl,113,-0.22307945472617913
cell12_01,nucl,114,-0.2223840303462742
cell12_01,nucl,115,-0.21119546904780329
cell12_01,nucl,116,-0.2123372403076472
cell12_01,nucl,117,-0.2123531812676451
cell18_01,cyto,1,0.0009889943634027998
cell18_01,cyto,2,0.005082849704904008
cell18_01,cyto,3,-0.0517615949714071
cell18_01,cyto,4,-0.04140286651855356
cell18_01,cyto,5,-0.07087147023290934
cell18_01,cyto,6,-0.07425432284442827
cell18_01,cyto,7,-0.08579358413196926
cell18_01,cyto,8,-0.09573420720587113
cell18_01,cyto,9,-0.10058378243018351
cell18_01,cyto,10,-0.09949715561643718
cell18_01,cyto,11,-0.11226166689149462
cell18_01,cyto,12,-0.11409954187276933
cell18_01,cyto,13,-0.125390622962109
cell18_01,cyto,14,-0.12383223018601598
cell18_01,cyto,15,-0.1436642874657076
cell18_01,cyto,16,-0.1401383399651356
cell18_01,cyto,17,-0.14272522725629716
cell18_01,cyto,18,-0.1614214688541304
cell18_01,cyto,19,-0.15531086992003837
cell18_01,cyto,20,-0.15288496437906135
cell18_01,cyto,21,-0.16385855368331467
cell18_01,cyto,22,-0.15916996020918694
cell18_01,cyto,23,-0.17055047560418465
cell18_01,cyto,24,-0.1679591165977402
cell18_01,cyto,25,-0.17236822786668626
cell18_01,cyto,26,-0.16962259468298146
cell18_01,cyto,27,-0.18675150007415595
cell18_01,cyto,28,-0.1794313021560375
cell18_01,cyto,29,-0.1811283181059007
cell18_01,cyto,30,-0.1763927716213024
cell18_01,cyto,31,-0.17618036514536425
cell18_01,cyto,32,-0.1855508445206955
cell18_01,cyto,33,-0.19363123403690805
cell18_01,cyto,34,-0.19846515825773037
cell18_01,cyto,35,-0.19928348215450226
cell18_01,cyto,36,-0.2006160533088085
cell18_01,cyto,37,-0.19694701091918343
cell18_01,cyto,38,-0.19039594802972495
cell18_01,cyto,39,-0.20389829232646212
cell18_01,cyto,40,-0.21345658374367535
cell18_01,cyto,41,-0.19389282938095811
cell18_01,cyto,42,-0.19843385625075
cell18_01,cyto,43,-0.21273440172548594
cell18_01,cyto,44,-0.2077797411920252
cell18_01,cyto,45,-0.2024002677066883
cell18_01,cyto,46,-0.2128774966145389
cell18_01,cyto,47,-0.2053739583698213
cell18_01,cyto,48,-0.19829746893462138
cell18_01,cyto,49,-0.20709333289609896
cell18_01,cyto,50,-0.2092419920895357
cell18_01,cyto,51,-0.21122296195986334
cell18_01,cyto,52,-0.21289314761802908
cell18_01,cyto,53,-0.21106421606732023
cell18_01,cyto,54,-0.216349783531716
cell18_01,cyto,55,-0.20375743329505047
cell18_01,cyto,56,-0.20996864582300803
cell18_01,cyto,57,-0.21226487162078064
cell18_01,cyto,58,-0.218657188617696
cell18_01,cyto,59,-0.21231853220417554
cell18_01,cyto,60,-0.21998081634143637
cell18_01,cyto,61,-0.20632419786743902
cell18_01,cyto,62,-0.20742647568467554
cell18_01,cyto,63,-0.21195632326626013
cell18_01,cyto,64,-0.22489523143735088
cell18_01,cyto,65,-0.21849173515222842
cell18_01,cyto,66,-0.2133112529969809
cell18_01,cyto,67,-0.21202116313786226
cell18_01,cyto,68,-0.21260695783992306
cell18_01,cyto,69,-0.20797426080683162
cell18_01,cyto,70,-0.1919140953682719
cell18_01,cyto,71,-0.20999547611470548
cell18_01,cyto,72,-0.20709780461138189
cell18_01,cyto,73,-0.20622134841593218
cell18_01,cyto,74,-0.21815635650601034
cell18_01,cyto,75,-0.20900722703718305
cell18_01,cyto,76,-0.2107579035704411
cell18_01,cyto,77,-0.21389928355668308
cell18_01,cyto,78,-0.22113675474206776
cell18_01,cyto,79,-0.20647176447177487
cell18_01,cyto,80,-0.20475686166078014
cell18_01,cyto,81,-0.20608496109980343
cell18_01,cyto,82,-0.2162156320732288
cell18_01,cyto,83,-0.21712339027565888
cell18_01,cyto,84,-0.21376513209819586
cell18_01,cyto,85,-0.2080077986714534
cell18_01,cyto,86,-0.21149797244976223
cell18_01,cyto,87,-0.207837873490703
cell18_01,cyto,88,-0.21019446744479484
cell18_01,cyto,89,-0.21431291722035195
cell18_01,cyto,90,-0.2025746646027216
cell18_01,cyto,91,-0.21373606594885702
cell18_01,cyto,92,-0.20803462896315084
cell18_01,cyto,93,-0.21180428494664133
cell18_01,cyto,94,-0.2146214655748726
cell18_01,cyto,95,-0.20909442548519971
cell18_01,cyto,96,-0.20860477266172145
cell18_01,cyto,97,-0.21124084882099506
cell18_01,cyto,98,-0.20912125577689716
cell18_01,cyto,99,-0.21567679038163856
cell18_01,cyto,100,-0.20913914263802888
cell18_01,cyto,101,-0.2132218186913227
cell18_01,cyto,102,-0.20298382655110758
cell18_01,cyto,103,-0.20437229414645022
cell18_01,cyto,104,-0.1996859365299639
cell18_01,cyto,105,-0.20719841820524734
cell18_01,cyto,106,-0.19818791191019008
cell18_01,cyto,107,-0.19110918661734863
cell18_01,cyto,108,-0.20960196516980972
cell18_01,cyto,109,-0.21343646102490224
cell18_01,cyto,110,-0.2013538863304881
cell18_01,cyto,111,-0.20512354231397859
cell18_01,cyto,112,-0.19977089912033916
cell18_01,cyto,113,-0.20181223714698598
cell18_01,cyto,114,-0.20356514953788557
cell18_01,cyto,115,-0.2076880710287256
cell18_01,cyto,116,-0.20839683790106636
cell18_01,cyto,117,-0.20729232422618832
cell17_01,nucl,1,0.013969944254731123
cell17_01,nucl,2,0.011537464644411403
cell17_01,nucl,3,0.12183499944458764
cell17_01,nucl,4,0.1124247265066224
cell17_01,nucl,5,0.09174978331359807
cell17_01,nucl,6,0.09561783395209551
cell17_01,nucl,7,0.09861082668790597
cell17_01,nucl,8,0.10011157366090834
cell17_01,nucl,9,0.09512759749754614
cell17_01,nucl,10,0.08154493059612006
cell17_01,nucl,11,0.08248233070690027
cell17_01,nucl,12,0.06684917190656078
cell17_01,nucl,13,0.05792516819172092
cell17_01,nucl,14,0.03756420302854671
cell17_01,nucl,15,0.037581205448935825
cell17_01,nucl,16,0.03640180422128543
cell17_01,nucl,17,0.029770293522229017
cell17_01,nucl,18,0.00941046185374751
cell17_01,nucl,19,0.0025550859529026
cell17_01,nucl,20,0.008358578779014697
cell17_01,nucl,21,0.015131776314646114
cell17_01,nucl,22,0.029318595887227895
cell17_01,nucl,23,0.007523193190568521
cell17_01,nucl,24,-0.010838287334859245
cell17_01,nucl,25,-0.0016433783884878099
cell17_01,nucl,26,-0.010640492511000452
cell17_01,nucl,27,-0.01505205385459978
cell17_01,nucl,28,-0.013296837323108664
cell17_01,nucl,29,-0.0037805826313851197
cell17_01,nucl,30,-0.00268449326364092
cell17_01,nucl,31,-0.008197244701101157
cell17_01,nucl,32,-0.030060090331970313
cell17_01,nucl,33,-0.012654712579750732
cell17_01,nucl,34,-0.016156644432538537
cell17_01,nucl,35,-0.047963639001587545
cell17_01,nucl,36,-0.041335528786608976
cell17_01,nucl,37,-0.01345382633803379
cell17_01,nucl,38,-0.02885291848435123
cell17_01,nucl,39,-0.05362544499112464
cell17_01,nucl,40,-0.04758901900568321
cell17_01,nucl,41,-0.03038143607732242
cell17_01,nucl,42,-0.026294054215806762
cell17_01,nucl,43,-0.04124428246385464
cell17_01,nucl,44,-0.04224119104599637
cell17_01,nucl,45,-0.01055831414578696
cell17_01,nucl,46,-0.03973390078596514
cell17_01,nucl,47,-0.04097847795843991
cell17_01,nucl,48,-0.0394737637540134
cell17_01,nucl,49,-0.04617555112401103
cell17_01,nucl,50,-0.04538663881796139
cell17_01,nucl,51,-0.029089818875104704
cell17_01,nucl,52,-0.034082296248661464
cell17_01,nucl,53,-0.02064471666788823
cell17_01,nucl,54,-0.02179974775964766
cell17_01,nucl,55,-0.022411834893651627
cell17_01,nucl,56,-0.02525860681411665
cell17_01,nucl,57,-0.03477486150584006
cell17_01,nucl,58,-0.03982628060341205
cell17_01,nucl,59,-0.06793241500112214
cell17_01,nucl,60,-0.04009831932963606
cell17_01,nucl,61,-0.05403803705923108
cell17_01,nucl,62,-0.05254692479111571
cell17_01,nucl,63,-0.05746232452557569
cell17_01,nucl,64,-0.0518889311220615
cell17_01,nucl,65,-0.048647136301225434
cell17_01,nucl,66,-0.05328029585722798
cell17_01,nucl,67,-0.050730499546224224
cell17_01,nucl,68,-0.03727761778710087
cell17_01,nucl,69,-0.03494885294115418
cell17_01,nucl,70,-0.0572220236507445
cell17_01,nucl,71,-0.057423218958681015
cell17_01,nucl,72,-0.06260045596713158
cell17_01,nucl,73,-0.062126655185624775
cell17_01,nucl,74,-0.05459004897452725
cell17_01,nucl,75,-0.06821862241100358
cell17_01,nucl,76,-0.07839173727708877
cell17_01,nucl,77,-0.061140514803062755
cell17_01,nucl,78,-0.06411707186583038
cell17_01,nucl,79,-0.0838109754024094
cell17_01,nucl,80,-0.08892587020276703
cell17_01,nucl,81,-0.0850538523328453
cell17_01,nucl,82,-0.09657129190435415
cell17_01,nucl,83,-0.09042888416515467
cell17_01,nucl,84,-0.10269726397051093
cell17_01,nucl,85,-0.0904169824708824
cell17_01,nucl,86,-0.09069468867056928
cell17_01,nucl,87,-0.08656026677931081
cell17_01,nucl,88,-0.09023789030945158
cell17_01,nucl,89,-0.0901489109760824
cell17_01,nucl,90,-0.08335757752536942
cell17_01,nucl,91,-0.07888594096306241
cell17_01,nucl,92,-0.07813046675044445
cell17_01,nucl,93,-0.07593772126760977
cell17_01,nucl,94,-0.12191226599946643
cell17_01,nucl,95,-0.11287151233128868
cell17_01,nucl,96,-0.12494266406013256
cell17_01,nucl,97,-0.10539158085482112
cell17_01,nucl,98,-0.12315344268786348
cell17_01,nucl,99,-0.13004849090294934
cell17_01,nucl,100,-0.09584302156435859
cell17_01,nucl,101,-0.10492968176758671
cell17_01,nucl,102,-0.10757355813807623
cell17_01,nucl,103,-0.11640234829873776
cell17_01,nucl,104,-0.10938941663562143
cell17_01,nucl,105,-0.11769453224830176
cell17_01,nucl,106,-0.12640940619235697
cell17_01,nucl,107,-0.10617935966617818
cell17_01,nucl,108,-0.1288832583589565
cell17_01,nucl,109,-0.11158839633926552
cell17_01,nucl,110,-0.12184312282321778
cell17_01,nucl,111,-0.12720228572983075
cell17_01,nucl,112,-0.11333851214463994
cell17_01,nucl,113,-0.10921202471622947
cell17_01,nucl,114,-0.11965321107711453
cell17_01,nucl,115,-0.11892097350569497
cell17_01,nucl,116,-0.11829018370926303
cell17_01,nucl,117,-0.1188053570470498
